date,EV Trend,Coronavirus Trend,Coronavirus_unscaled,Coronavirus_monthly,isPartial_x,scale_x,Electric vehicle_unscaled,Electric vehicle_monthly,isPartial_y,scale_y
2015-02-01,11.0,0.0,,,,,,,,
2015-02-02,13.8,0.0,,,,,,,,
2015-02-04,16.2,0.0,,,,,,,,
2015-02-05,10.0,0.0,,,,,,,,
2015-02-06,11.4,0.0,,,,,,,,
2015-02-07,12.8,0.0,,,,,,,,
2015-02-08,12.6,0.0,,,,,,,,
2015-02-09,13.0,0.0,,,,,,,,
2015-02-10,14.8,0.0,,,,,,,,
2015-02-12,15.8,0.0,,,,,,,,
2015-02-13,19.200000000000003,0.0,,,,,,,,
2015-02-14,7.800000000000001,0.0,,,,,,,,
2015-02-15,6.4,0.0,,,,,,,,
2015-02-17,11.2,0.0,,,,,,,,
2015-02-18,14.2,0.0,,,,,,,,
2015-02-20,17.8,0.0,,,,,,,,
2015-02-21,10.2,0.0,,,,,,,,
2015-02-22,15.2,0.0,,,,,,,,
2015-02-23,10.8,0.0,,,,,,,,
2015-02-24,9.0,0.0,,,,,,,,
2015-02-25,17.2,0.0,,,,,,,,
2015-02-26,13.2,0.0,,,,,,,,
2015-02-27,16.400000000000002,0.0,,,,,,,,
2015-02-28,20.0,0.0,,,,,,,,
2015-03-01,12.2,0.0,,,,,,,,
2015-03-07,8.4,0.0,,,,,,,,
2015-03-08,12.0,0.0,,,,,,,,
2015-03-14,9.8,0.0,,,,,,,,
2015-03-15,3.2,0.0,,,,,,,,
2015-03-17,9.6,0.0,,,,,,,,
2015-03-21,2.2,0.0,,,,,,,,
2015-03-22,8.6,0.0,,,,,,,,
2015-03-23,14.4,0.0,,,,,,,,
2015-03-26,13.4,0.0,,,,,,,,
2015-03-28,11.8,0.0,,,,,,,,
2015-03-29,10.6,0.0,,,,,,,,
2015-04-02,14.3,0.0,,,,,,,,
2015-04-03,15.62,0.0,,,,,,,,
2015-04-04,20.9,0.0,,,,,,,,
2015-04-05,9.46,0.0,,,,,,,,
2015-04-06,9.24,0.0,,,,,,,,
2015-04-07,10.78,0.0,,,,,,,,
2015-04-08,19.8,0.0,,,,,,,,
2015-04-09,12.98,0.0,,,,,,,,
2015-04-10,16.72,0.0,,,,,,,,
2015-04-11,9.02,0.0,,,,,,,,
2015-04-14,13.42,0.0,,,,,,,,
2015-04-15,15.84,0.0,,,,,,,,
2015-04-16,14.96,0.0,,,,,,,,
2015-04-17,11.66,0.0,,,,,,,,
2015-04-18,10.56,0.0,,,,,,,,
2015-04-19,15.4,0.0,,,,,,,,
2015-04-20,13.64,0.0,,,,,,,,
2015-04-21,17.6,0.0,,,,,,,,
2015-04-22,20.46,0.0,,,,,,,,
2015-04-23,15.18,0.0,,,,,,,,
2015-04-24,22.0,0.0,,,,,,,,
2015-04-25,6.38,0.0,,,,,,,,
2015-04-26,11.88,0.0,,,,,,,,
2015-04-28,12.76,0.0,,,,,,,,
2015-04-29,16.06,0.0,,,,,,,,
2015-04-30,11.22,0.0,,,,,,,,
2015-05-02,7.48,0.0,,,,,,,,
2015-05-05,18.7,0.0,,,,,,,,
2015-05-06,16.94,0.0,,,,,,,,
2015-05-07,18.26,0.0,,,,,,,,
2015-05-08,10.12,0.0,,,,,,,,
2015-05-10,5.28,0.0,,,,,,,,
2015-05-11,11.44,0.0,,,,,,,,
2015-05-13,16.28,0.0,,,,,,,,
2015-05-16,10.34,0.0,,,,,,,,
2015-05-19,12.54,0.0,,,,,,,,
2015-05-25,17.38,0.0,,,,,,,,
2015-05-27,14.52,0.0,,,,,,,,
2015-05-29,7.26,0.0,,,,,,,,
2015-06-01,13.02,0.0,,,,,,,,
2015-06-03,9.66,0.0,,,,,,,,
2015-06-04,14.7,0.0,,,,,,,,
2015-06-05,12.18,0.0,,,,,,,,
2015-06-06,12.39,0.0,,,,,,,,
2015-06-07,12.81,0.0,,,,,,,,
2015-06-08,10.5,0.0,,,,,,,,
2015-06-09,9.45,0.0,,,,,,,,
2015-06-11,8.82,0.0,,,,,,,,
2015-06-12,10.29,0.0,,,,,,,,
2015-06-13,11.34,0.0,,,,,,,,
2015-06-14,15.33,0.0,,,,,,,,
2015-06-16,21.0,0.0,,,,,,,,
2015-06-17,16.38,0.0,,,,,,,,
2015-06-20,15.96,0.0,,,,,,,,
2015-06-21,7.56,0.0,,,,,,,,
2015-06-23,11.55,0.0,,,,,,,,
2015-06-25,11.76,0.0,,,,,,,,
2015-06-26,10.08,0.0,,,,,,,,
2015-06-27,6.09,0.0,,,,,,,,
2015-07-03,9.4,0.0,,,,,,,,
2015-07-05,4.6000000000000005,0.0,,,,,,,,
2015-07-09,19.0,0.0,,,,,,,,
2015-07-15,16.6,0.0,,,,,,,,
2015-07-17,18.6,0.0,,,,,,,,
2015-07-18,4.4,0.0,,,,,,,,
2015-07-22,19.6,0.0,,,,,,,,
2015-07-26,4.2,0.0,,,,,,,,
2015-07-31,11.6,0.0,,,,,,,,
2015-08-01,16.34,0.0,,,,,,,,
2015-08-02,3.8,0.0,,,,,,,,
2015-08-03,14.06,0.0,,,,,,,,
2015-08-04,10.83,0.0,,,,,,,,
2015-08-05,9.88,0.0,,,,,,,,
2015-08-07,11.21,0.0,,,,,,,,
2015-08-08,8.74,0.0,,,,,,,,
2015-08-10,6.84,0.0,,,,,,,,
2015-08-12,14.82,0.0,,,,,,,,
2015-08-13,10.07,0.0,,,,,,,,
2015-08-14,15.01,0.0,,,,,,,,
2015-08-17,14.44,0.0,,,,,,,,
2015-08-18,13.49,0.0,,,,,,,,
2015-08-19,10.64,0.0,,,,,,,,
2015-08-20,15.58,0.0,,,,,,,,
2015-08-22,12.16,0.0,,,,,,,,
2015-08-23,4.94,0.0,,,,,,,,
2015-08-25,8.55,0.0,,,,,,,,
2015-08-26,9.31,0.0,,,,,,,,
2015-08-27,7.6,0.0,,,,,,,,
2015-08-28,13.68,0.0,,,,,,,,
2015-09-02,14.74,0.0,,,,,,,,
2015-09-04,12.32,0.0,,,,,,,,
2015-09-08,8.8,0.0,,,,,,,,
2015-09-09,19.14,0.0,,,,,,,,
2015-09-13,19.58,0.0,,,,,,,,
2015-09-15,20.02,0.0,,,,,,,,
2015-09-18,5.94,0.0,,,,,,,,
2015-10-02,13.6,0.0,,,,,,,,
2015-10-03,1.4,0.0,,,,,,,,
2015-10-04,15.6,0.0,,,,,,,,
2015-10-05,16.0,0.0,,,,,,,,
2015-10-12,7.2,0.0,,,,,,,,
2015-10-16,14.6,0.0,,,,,,,,
2015-10-19,18.8,0.0,,,,,,,,
2015-10-21,17.400000000000002,0.0,,,,,,,,
2015-10-23,12.4,0.0,,,,,,,,
2015-10-24,16.8,0.0,,,,,,,,
2015-10-31,4.0,0.0,,,,,,,,
2015-11-02,12.73,0.0,,,,,,,,
2015-11-04,11.97,0.0,,,,,,,,
2015-11-05,13.11,0.0,,,,,,,,
2015-11-06,18.62,0.0,,,,,,,,
2015-11-07,10.26,0.0,,,,,,,,
2015-11-08,10.45,0.0,,,,,,,,
2015-11-10,11.78,0.0,,,,,,,,
2015-11-11,11.59,0.0,,,,,,,,
2015-11-14,7.79,0.0,,,,,,,,
2015-11-15,2.47,0.0,,,,,,,,
2015-11-17,17.67,0.0,,,,,,,,
2015-11-18,12.92,0.0,,,,,,,,
2015-11-21,15.77,0.0,,,,,,,,
2015-11-24,17.29,0.0,,,,,,,,
2015-11-25,12.35,0.0,,,,,,,,
2015-11-27,11.02,0.0,,,,,,,,
2015-12-01,18.0,0.0,,,,,,,,
2015-12-02,10.44,0.0,,,,,,,,
2015-12-03,13.14,0.0,,,,,,,,
2015-12-04,12.78,0.0,,,,,,,,
2015-12-05,7.02,0.0,,,,,,,,
2015-12-07,17.46,0.0,,,,,,,,
2015-12-08,9.54,0.0,,,,,,,,
2015-12-10,12.42,0.0,,,,,,,,
2015-12-11,15.66,0.0,,,,,,,,
2015-12-12,7.92,0.0,,,,,,,,
2015-12-13,9.18,0.0,,,,,,,,
2015-12-15,9.9,0.0,,,,,,,,
2015-12-16,10.98,0.0,,,,,,,,
2015-12-17,16.02,0.0,,,,,,,,
2015-12-18,12.96,0.0,,,,,,,,
2015-12-19,8.64,0.0,,,,,,,,
2015-12-22,12.06,0.0,,,,,,,,
2015-12-24,8.28,0.0,,,,,,,,
2015-12-25,1.44,0.0,,,,,,,,
2015-12-26,3.78,0.0,,,,,,,,
2015-12-27,1.26,0.0,,,,,,,,
2015-12-28,8.1,0.0,,,,,,,,
2015-12-29,7.199999999999999,0.0,,,,,,,,
2015-12-30,17.28,0.0,,,,,,,,
2016-01-05,15.12,0.0,,,,,,,,
2016-01-06,11.7,0.0,,,,,,,,
2016-01-07,14.04,0.0,,,,,,,,
2016-01-12,4.859999999999999,0.0,,,,,,,,
2016-01-14,3.96,0.0,,,,,,,,
2016-01-15,17.82,0.0,,,,,,,,
2016-01-16,9.72,0.0,,,,,,,,
2016-01-18,5.22,0.0,,,,,,,,
2016-01-21,15.48,0.0,,,,,,,,
2016-02-09,18.4,0.0,,,,,,,,
2016-02-14,6.800000000000001,0.0,,,,,,,,
2016-02-22,19.4,0.0,,,,,,,,
2016-02-24,15.0,0.0,,,,,,,,
2016-03-02,7.0,0.0,,,,,,,,
2016-03-11,6.6000000000000005,0.0,,,,,,,,
2016-03-24,9.2,0.0,,,,,,,,
2016-03-25,8.0,0.0,,,,,,,,
2016-04-01,26.0,0.0,,,,,,,,
2016-04-02,12.22,0.0,,,,,,,,
2016-04-03,10.92,0.0,,,,,,,,
2016-04-04,18.46,0.0,,,,,,,,
2016-04-05,15.86,0.0,,,,,,,,
2016-04-06,11.18,0.0,,,,,,,,
2016-04-07,9.1,0.0,,,,,,,,
2016-04-10,8.84,0.0,,,,,,,,
2016-04-12,10.14,0.0,,,,,,,,
2016-04-14,14.56,0.0,,,,,,,,
2016-04-15,7.28,0.0,,,,,,,,
2016-04-16,8.58,0.0,,,,,,,,
2016-04-17,10.66,0.0,,,,,,,,
2016-04-18,12.48,0.0,,,,,,,,
2016-04-19,13.78,0.0,,,,,,,,
2016-04-21,6.76,0.0,,,,,,,,
2016-04-22,11.96,0.0,,,,,,,,
2016-04-28,9.62,0.0,,,,,,,,
2016-04-29,6.5,0.0,,,,,,,,
2016-04-30,7.0200000000000005,0.0,,,,,,,,
2016-05-01,6.12,0.0,,,,,,,,
2016-05-12,11.52,0.0,,,,,,,,
2016-05-13,14.22,0.0,,,,,,,,
2016-05-14,7.38,0.0,,,,,,,,
2016-05-15,6.48,0.0,,,,,,,,
2016-05-17,13.32,0.0,,,,,,,,
2016-05-19,14.58,0.0,,,,,,,,
2016-05-22,13.86,0.0,,,,,,,,
2016-05-23,7.739999999999999,0.0,,,,,,,,
2016-05-25,9.36,0.0,,,,,,,,
2016-05-27,12.24,0.0,,,,,,,,
2016-05-30,6.3,0.0,,,,,,,,
2016-06-04,5.04,0.0,,,,,,,,
2016-06-08,16.919999999999998,0.0,,,,,,,,
2016-06-15,13.5,0.0,,,,,,,,
2016-06-20,14.76,0.0,,,,,,,,
2016-07-01,10.03,0.0,,,,,,,,
2016-07-03,7.99,0.0,,,,,,,,
2016-07-04,6.970000000000001,0.0,,,,,,,,
2016-07-06,5.2700000000000005,0.0,,,,,,,,
2016-07-07,11.05,0.0,,,,,,,,
2016-07-09,3.74,0.0,,,,,,,,
2016-07-10,8.33,0.0,,,,,,,,
2016-07-11,5.78,0.0,,,,,,,,
2016-07-12,8.5,0.0,,,,,,,,
2016-07-13,7.31,0.0,,,,,,,,
2016-07-14,17.0,0.0,,,,,,,,
2016-07-18,5.95,0.0,,,,,,,,
2016-07-19,7.82,0.0,,,,,,,,
2016-07-24,10.71,0.0,,,,,,,,
2016-07-26,10.37,0.0,,,,,,,,
2016-07-27,11.56,0.0,,,,,,,,
2016-07-31,9.01,0.0,,,,,,,,
2016-08-07,5.4,0.0,,,,,,,,
2016-08-08,6.66,0.0,,,,,,,,
2016-08-12,8.459999999999999,0.0,,,,,,,,
2016-08-26,5.76,0.0,,,,,,,,
2016-08-27,4.14,0.0,,,,,,,,
2016-08-29,15.3,0.0,,,,,,,,
2016-09-02,13.87,0.0,,,,,,,,
2016-09-06,14.25,0.0,,,,,,,,
2016-09-09,15.39,0.0,,,,,,,,
2016-09-10,9.5,0.0,,,,,,,,
2016-09-17,14.63,0.0,,,,,,,,
2016-09-22,13.3,0.0,,,,,,,,
2016-10-01,8.200000000000001,0.0,,,,,,,,
2016-10-24,18.2,0.0,,,,,,,,
2016-11-01,17.43,0.0,,,,,,,,
2016-11-02,18.27,0.0,,,,,,,,
2016-11-03,18.9,0.0,,,,,,,,
2016-11-04,17.22,0.0,,,,,,,,
2016-11-06,14.28,0.0,,,,,,,,
2016-11-07,18.06,0.0,,,,,,,,
2016-11-08,14.07,0.0,,,,,,,,
2016-11-11,8.61,0.0,,,,,,,,
2016-11-12,14.49,0.0,,,,,,,,
2016-11-14,19.11,0.0,,,,,,,,
2016-11-17,17.009999999999998,0.0,,,,,,,,
2016-11-20,18.48,0.0,,,,,,,,
2016-11-24,5.46,0.0,,,,,,,,
2016-11-25,20.37,0.0,,,,,,,,
2016-11-26,13.65,0.0,,,,,,,,
2016-11-27,20.16,0.0,,,,,,,,
2016-11-30,15.75,0.0,,,,,,,,
2016-12-14,10.4,0.0,,,,,,,,
2017-01-03,19.53,0.0,,,,,,,,
2017-01-04,16.169999999999998,0.0,,,,,,,,
2017-01-13,13.44,0.0,,,,,,,,
2017-02-12,20.24,0.0,,,,,,,,
2017-02-13,19.36,0.0,,,,,,,,
2017-02-28,17.16,0.0,,,,,,,,
2017-03-04,14.91,0.0,,,,,,,,
2017-03-10,9.03,0.0,,,,,,,,
2017-03-14,19.95,0.0,,,,,,,,
2017-03-15,9.87,0.0,,,,,,,,
2017-03-19,16.59,0.0,,,,,,,,
2017-04-01,9.84,0.0,,,,,,,,
2017-04-02,19.92,0.0,,,,,,,,
2017-04-03,24.0,0.0,,,,,,,,
2017-04-04,14.88,0.0,,,,,,,,
2017-04-05,13.92,0.0,,,,,,,,
2017-04-06,17.759999999999998,0.0,,,,,,,,
2017-04-10,21.12,0.0,,,,,,,,
2017-04-11,16.56,0.0,,,,,,,,
2017-04-13,18.24,0.0,,,,,,,,
2017-04-14,18.72,0.0,,,,,,,,
2017-04-15,20.64,0.0,,,,,,,,
2017-04-16,12.72,0.0,,,,,,,,
2017-04-18,18.96,0.0,,,,,,,,
2017-04-20,21.6,0.0,,,,,,,,
2017-04-23,15.36,0.0,,,,,,,,
2017-04-24,19.2,0.0,,,,,,,,
2017-04-27,17.04,0.0,,,,,,,,
2017-04-29,9.12,0.0,,,,,,,,
2017-05-13,6.51,0.0,,,,,,,,
2017-05-19,7.14,0.0,,,,,,,,
2017-05-20,6.93,0.0,,,,,,,,
2017-05-29,8.19,0.0,,,,,,,,
2017-06-04,5.06,0.0,,,,,,,,
2017-06-10,7.04,0.0,,,,,,,,
2017-06-17,9.68,0.0,,,,,,,,
2017-06-23,12.1,0.0,,,,,,,,
2017-06-27,8.36,0.0,,,,,,,,
2017-06-30,18.04,0.0,,,,,,,,
2017-07-01,6.72,0.0,,,,,,,,
2017-07-02,7.68,0.0,,,,,,,,
2017-07-04,7.439999999999999,0.0,,,,,,,,
2017-07-07,11.04,0.0,,,,,,,,
2017-07-11,10.32,0.0,,,,,,,,
2017-07-17,8.16,0.0,,,,,,,,
2017-07-22,6.0,0.0,,,,,,,,
2017-07-28,6.96,0.0,,,,,,,,
2017-08-01,15.08,0.0,,,,,,,,
2017-08-02,22.36,0.0,,,,,,,,
2017-08-03,24.7,0.0,,,,,,,,
2017-08-05,17.94,0.0,,,,,,,,
2017-08-06,12.74,0.0,,,,,,,,
2017-08-09,17.42,0.0,,,,,,,,
2017-08-11,19.76,0.0,,,,,,,,
2017-08-12,17.68,0.0,,,,,,,,
2017-08-15,15.34,0.0,,,,,,,,
2017-08-18,16.12,0.0,,,,,,,,
2017-08-24,22.62,0.0,,,,,,,,
2017-08-29,13.26,0.0,,,,,,,,
2017-08-31,20.8,0.0,,,,,,,,
2017-09-01,23.76,0.0,,,,,,,,
2017-09-02,18.630000000000003,0.0,,,,,,,,
2017-09-03,14.580000000000002,0.0,,,,,,,,
2017-09-05,23.49,0.0,,,,,,,,
2017-09-06,26.19,0.0,,,,,,,,
2017-09-09,11.07,0.0,,,,,,,,
2017-09-10,20.520000000000003,0.0,,,,,,,,
2017-09-11,27.0,0.0,,,,,,,,
2017-09-12,23.22,0.0,,,,,,,,
2017-09-13,17.01,0.0,,,,,,,,
2017-09-14,14.85,0.0,,,,,,,,
2017-09-15,25.380000000000003,0.0,,,,,,,,
2017-09-16,16.470000000000002,0.0,,,,,,,,
2017-09-17,18.36,0.0,,,,,,,,
2017-09-19,20.25,0.0,,,,,,,,
2017-09-21,24.03,0.0,,,,,,,,
2017-09-22,16.740000000000002,0.0,,,,,,,,
2017-09-24,22.41,0.0,,,,,,,,
2017-09-25,16.200000000000003,0.0,,,,,,,,
2017-09-28,18.09,0.0,,,,,,,,
2017-09-29,19.44,0.0,,,,,,,,
2017-10-04,18.98,0.0,,,,,,,,
2017-10-05,16.900000000000002,0.0,,,,,,,,
2017-10-09,16.64,0.0,,,,,,,,
2017-10-13,19.5,0.0,,,,,,,,
2017-10-16,24.44,0.0,,,,,,,,
2017-10-19,20.28,0.0,,,,,,,,
2017-10-26,22.880000000000003,0.0,,,,,,,,
2017-11-03,24.96,0.0,,,,,,,,
2017-11-05,21.06,0.0,,,,,,,,
2017-11-13,19.24,0.0,,,,,,,,
2017-11-14,23.14,0.0,,,,,,,,
2017-11-22,23.92,0.0,,,,,,,,
2017-11-30,13.52,0.0,,,,,,,,
2017-12-15,20.54,0.0,,,,,,,,
2017-12-23,8.06,0.0,,,,,,,,
2018-01-02,22.680000000000003,0.0,,,,,,,,
2018-01-03,25.200000000000003,0.0,,,,,,,,
2018-01-05,21.840000000000003,0.0,,,,,,,,
2018-01-06,17.360000000000003,0.0,,,,,,,,
2018-01-07,14.000000000000002,0.0,,,,,,,,
2018-01-09,17.92,0.0,,,,,,,,
2018-01-11,14.840000000000002,0.0,,,,,,,,
2018-01-12,22.12,0.0,,,,,,,,
2018-01-14,18.200000000000003,0.0,,,,,,,,
2018-01-15,25.76,0.0,,,,,,,,
2018-01-16,21.56,0.0,,,,,,,,
2018-01-17,12.88,0.0,,,,,,,,
2018-01-19,20.44,0.0,,,,,,,,
2018-01-21,21.000000000000004,0.0,,,,,,,,
2018-01-23,21.28,0.0,,,,,,,,
2018-01-25,19.880000000000003,0.0,,,,,,,,
2018-01-27,28.000000000000004,0.0,,,,,,,,
2018-01-29,27.72,0.0,,,,,,,,
2018-02-01,21.33,0.0,,,,,,,,
2018-02-06,21.87,0.0,,,,,,,,
2018-02-10,25.110000000000003,0.0,,,,,,,,
2018-02-13,13.77,0.0,,,,,,,,
2018-02-17,14.31,0.0,,,,,,,,
2018-02-24,12.15,0.0,,,,,,,,
2018-02-26,25.65,0.0,,,,,,,,
2018-02-28,19.17,0.0,,,,,,,,
2018-03-02,10.53,0.0,,,,,,,,
2018-03-10,13.23,0.0,,,,,,,,
2018-03-20,11.61,0.0,,,,,,,,
2018-03-21,19.98,0.0,,,,,,,,
2018-03-26,15.93,0.0,,,,,,,,
2018-04-02,24.3,0.0,,,,,,,,
2018-04-04,17.55,0.0,,,,,,,,
2018-04-10,19.71,0.0,,,,,,,,
2018-04-12,24.57,0.0,,,,,,,,
2018-04-25,22.68,0.0,,,,,,,,
2018-05-04,26.46,0.0,,,,,,,,
2018-05-10,12.69,0.0,,,,,,,,
2018-05-17,22.14,0.0,,,,,,,,
2018-05-20,25.92,0.0,,,,,,,,
2018-06-07,25.48,0.0,,,,,,,,
2018-06-11,21.32,0.0,,,,,,,,
2018-06-23,8.32,0.0,,,,,,,,
2018-06-28,25.74,0.0,,,,,,,,
2018-07-09,23.66,0.0,,,,,,,,
2018-07-12,21.58,0.0,,,,,,,,
2018-07-20,21.84,0.0,,,,,,,,
2018-08-04,24.18,0.0,,,,,,,,
2018-09-02,23.1,0.0,,,,,,,,
2018-09-05,22.5,0.0,,,,,,,,
2018-09-06,26.4,0.0,,,,,,,,
2018-09-11,28.5,0.0,,,,,,,,
2018-09-14,22.8,0.0,,,,,,,,
2018-09-15,16.5,0.0,,,,,,,,
2018-09-18,30.0,0.0,,,,,,,,
2018-09-21,20.1,0.0,,,,,,,,
2018-09-25,23.4,0.0,,,,,,,,
2018-10-01,24.94,0.0,,,,,,,,
2018-10-02,18.56,0.0,,,,,,,,
2018-10-03,20.3,0.0,,,,,,,,
2018-10-04,15.659999999999998,0.0,,,,,,,,
2018-10-06,10.73,0.0,,,,,,,,
2018-10-07,20.88,0.0,,,,,,,,
2018-10-08,19.72,0.0,,,,,,,,
2018-10-11,29.0,0.0,,,,,,,,
2018-10-15,21.17,0.0,,,,,,,,
2018-10-17,17.98,0.0,,,,,,,,
2018-10-18,20.01,0.0,,,,,,,,
2018-10-19,24.65,0.0,,,,,,,,
2018-10-20,20.59,0.0,,,,,,,,
2018-10-25,17.4,0.0,,,,,,,,
2018-10-26,22.04,0.0,,,,,,,,
2018-10-27,15.37,0.0,,,,,,,,
2018-10-28,13.34,0.0,,,,,,,,
2018-10-29,24.36,0.0,,,,,,,,
2018-10-30,15.079999999999998,0.0,,,,,,,,
2018-10-31,10.15,0.0,,,,,,,,
2018-11-02,14.21,0.0,,,,,,,,
2018-11-03,14.499999999999998,0.0,,,,,,,,
2018-11-05,17.689999999999998,0.0,,,,,,,,
2018-11-06,15.95,0.0,,,,,,,,
2018-11-08,13.919999999999998,0.0,,,,,,,,
2018-11-09,22.33,0.0,,,,,,,,
2018-11-10,16.82,0.0,,,,,,,,
2018-11-15,25.81,0.0,,,,,,,,
2018-11-19,27.84,0.0,,,,,,,,
2018-11-21,16.24,0.0,,,,,,,,
2018-11-23,17.11,0.0,,,,,,,,
2018-11-26,18.85,0.0,,,,,,,,
2018-11-28,26.1,0.0,,,,,,,,
2018-12-01,20.72,0.0,,,,,,,,
2018-12-02,13.72,0.0,,,,,,,,
2018-12-09,18.76,0.0,,,,,,,,
2018-12-13,24.92,0.0,,,,,,,,
2018-12-15,19.040000000000003,0.0,,,,,,,,
2018-12-18,16.240000000000002,0.0,,,,,,,,
2018-12-23,12.04,0.0,,,,,,,,
2018-12-28,13.160000000000002,0.0,,,,,,,,
2018-12-30,17.080000000000002,0.0,,,,,,,,
2019-01-01,7.280000000000001,0.0,,,,,,,,
2019-01-03,14.560000000000002,0.0,,,,,,,,
2019-01-07,22.4,0.0,,,,,,,,
2019-01-08,15.400000000000002,0.0,,,,,,,,
2019-01-20,8.680000000000001,0.0,,,,,,,,
2019-01-22,24.360000000000003,0.0,,,,,,,,
2019-01-30,16.520000000000003,0.0,,,,,,,,
2019-02-02,16.830000000000002,0.0,,,,,,,,
2019-02-03,12.87,0.0,,,,,,,,
2019-02-05,25.41,0.0,,,,,,,,
2019-02-06,28.71,0.0,,,,,,,,
2019-02-07,29.37,0.0,,,,,,,,
2019-02-08,22.44,0.0,,,,,,,,
2019-02-11,33.0,0.0,,,,,,,,
2019-02-14,26.07,0.0,,,,,,,,
2019-02-16,24.42,0.0,,,,,,,,
2019-02-19,29.040000000000003,0.0,,,,,,,,
2019-02-22,24.75,0.0,,,,,,,,
2019-02-24,18.81,0.0,,,,,,,,
2019-02-25,25.08,0.0,,,,,,,,
2019-02-28,28.380000000000003,0.0,,,,,,,,
2019-03-01,35.0,0.0,,,,,,,,
2019-03-02,19.25,0.0,,,,,,,,
2019-03-08,20.65,0.0,,,,,,,,
2019-03-09,16.799999999999997,0.0,,,,,,,,
2019-03-12,17.15,0.0,,,,,,,,
2019-03-13,22.75,0.0,,,,,,,,
2019-03-14,16.099999999999998,0.0,,,,,,,,
2019-03-15,22.05,0.0,,,,,,,,
2019-03-16,24.15,0.0,,,,,,,,
2019-03-18,18.55,0.0,,,,,,,,
2019-03-19,17.5,0.0,,,,,,,,
2019-03-21,21.7,0.0,,,,,,,,
2019-03-22,15.749999999999998,0.0,,,,,,,,
2019-03-23,11.9,0.0,,,,,,,,
2019-03-26,26.6,0.0,,,,,,,,
2019-03-29,16.45,0.0,,,,,,,,
2019-03-30,14.35,0.0,,,,,,,,
2019-04-02,23.56,0.0,,,,,,,,
2019-04-08,25.46,0.0,,,,,,,,
2019-04-09,27.36,0.0,,,,,,,,
2019-04-10,38.0,0.0,,,,,,,,
2019-04-11,23.94,0.0,,,,,,,,
2019-04-14,31.16,0.0,,,,,,,,
2019-04-15,24.32,0.0,,,,,,,,
2019-04-16,32.3,0.0,,,,,,,,
2019-04-21,22.42,0.0,,,,,,,,
2019-04-22,19.38,0.0,,,,,,,,
2019-04-23,29.26,0.0,,,,,,,,
2019-04-26,28.88,0.0,,,,,,,,
2019-05-01,36.0,0.0,,,,,,,,
2019-05-02,22.32,0.0,,,,,,,,
2019-05-03,24.48,0.0,,,,,,,,
2019-05-04,28.8,0.0,,,,,,,,
2019-05-05,28.44,0.0,,,,,,,,
2019-05-08,28.08,0.0,,,,,,,,
2019-05-10,30.96,0.0,,,,,,,,
2019-05-12,31.32,0.0,,,,,,,,
2019-05-13,30.6,0.0,,,,,,,,
2019-05-14,35.28,0.0,,,,,,,,
2019-05-16,26.64,0.0,,,,,,,,
2019-05-17,20.52,0.0,,,,,,,,
2019-05-20,21.24,0.0,,,,,,,,
2019-05-22,32.4,0.0,,,,,,,,
2019-05-29,24.84,0.0,,,,,,,,
2019-06-01,19.380000000000003,0.0,,,,,,,,
2019-06-02,16.32,0.0,,,,,,,,
2019-06-03,29.58,0.0,,,,,,,,
2019-06-04,22.1,0.0,,,,,,,,
2019-06-05,28.9,0.0,,,,,,,,
2019-06-07,29.92,0.0,,,,,,,,
2019-06-08,21.42,0.0,,,,,,,,
2019-06-09,23.12,0.0,,,,,,,,
2019-06-10,32.64,0.0,,,,,,,,
2019-06-11,27.540000000000003,0.0,,,,,,,,
2019-06-12,25.840000000000003,0.0,,,,,,,,
2019-06-14,12.58,0.0,,,,,,,,
2019-06-15,18.360000000000003,0.0,,,,,,,,
2019-06-17,28.22,0.0,,,,,,,,
2019-06-18,27.200000000000003,0.0,,,,,,,,
2019-06-20,21.76,0.0,,,,,,,,
2019-06-21,34.0,0.0,,,,,,,,
2019-06-22,18.02,0.0,,,,,,,,
2019-06-23,22.78,0.0,,,,,,,,
2019-06-25,33.660000000000004,0.0,,,,,,,,
2019-06-27,16.66,0.0,,,,,,,,
2019-07-06,13.05,0.0,,,,,,,,
2019-07-11,23.2,0.0,,,,,,,,
2019-07-12,12.47,0.0,,,,,,,,
2019-07-20,7.249999999999999,0.0,,,,,,,,
2019-07-21,19.43,0.0,,,,,,,,
2019-07-25,16.529999999999998,0.0,,,,,,,,
2019-07-28,13.63,0.0,,,,,,,,
2019-08-02,22.77,0.0,,,,,,,,
2019-08-03,21.45,0.0,,,,,,,,
2019-08-05,26.73,0.0,,,,,,,,
2019-08-12,32.01,0.0,,,,,,,,
2019-08-14,32.34,0.0,,,,,,,,
2019-08-21,20.130000000000003,0.0,,,,,,,,
2019-08-23,31.020000000000003,0.0,,,,,,,,
2019-08-30,31.35,0.0,,,,,,,,
2019-09-01,23.18,0.0,,,,,,,,
2019-09-03,30.78,0.0,,,,,,,,
2019-09-04,31.54,0.0,,,,,,,,
2019-09-05,31.92,0.0,,,,,,,,
2019-09-06,32.68,0.0,,,,,,,,
2019-09-11,34.96,0.0,,,,,,,,
2019-09-14,26.22,0.0,,,,,,,,
2019-09-18,30.4,0.0,,,,,,,,
2019-09-19,26.98,0.0,,,,,,,,
2019-09-24,35.72,0.0,,,,,,,,
2019-09-25,36.86,0.0,,,,,,,,
2019-09-26,33.44,0.0,,,,,,,,
2019-09-28,36.1,0.0,,,,,,,,
2019-09-29,20.14,0.0,,,,,,,,
2019-09-30,34.58,0.0,,,,,,,,
2019-10-01,33.67,0.0,,,,,,,,
2019-10-02,31.82,0.0,,,,,,,,
2019-10-04,25.9,0.0,,,,,,,,
2019-10-05,21.46,0.0,,,,,,,,
2019-10-06,24.79,0.0,,,,,,,,
2019-10-07,27.38,0.0,,,,,,,,
2019-10-08,27.75,0.0,,,,,,,,
2019-10-09,37.0,0.0,,,,,,,,
2019-10-10,20.35,0.0,,,,,,,,
2019-10-13,22.2,0.0,,,,,,,,
2019-10-14,28.49,0.0,,,,,,,,
2019-10-15,18.87,0.0,,,,,,,,
2019-10-16,23.31,0.0,,,,,,,,
2019-10-18,26.27,0.0,,,,,,,,
2019-10-20,22.57,0.0,,,,,,,,
2019-10-23,31.45,0.0,,,,,,,,
2019-10-24,23.68,0.0,,,,,,,,
2019-10-25,29.6,0.0,,,,,,,,
2019-10-27,30.71,0.0,,,,,,,,
2019-11-04,17.64,0.0,,,,,,,,
2019-11-13,25.2,0.0,,,,,,,,
2019-11-14,24.12,0.0,,,,,,,,
2019-11-25,29.16,0.0,,,,,,,,
2019-11-30,19.08,0.0,,,,,,,,
2019-12-01,20.06,0.0,,,,,,,,
2019-12-03,24.82,0.0,,,,,,,,
2019-12-07,18.700000000000003,0.0,,,,,,,,
2019-12-10,21.08,0.0,,,,,,,,
2019-12-12,26.180000000000003,0.0,,,,,,,,
2019-12-16,26.860000000000003,0.0,,,,,,,,
2019-12-18,25.16,0.0,,,,,,,,
2019-12-20,20.74,0.0,,,,,,,,
2020-01-14,29.52,0.0,,,,,,,,
2020-01-15,32.76,0.0,,,,,,,,
2020-01-17,19.44,0.05,,,,,,,,
2020-01-18,17.64,0.05,,,,,,,,
2020-01-19,13.68,0.05,,,,,,,,
2020-01-20,26.64,0.15,,,,,,,,
2020-01-21,23.76,1.2000000000000002,,,,,,,,
2020-01-22,29.16,1.4,,,,,,,,
2020-01-23,31.68,1.65,,,,,,,,
2020-01-24,27.72,3.4000000000000004,,,,,,,,
2020-01-25,23.04,3.8,,,,,,,,
2020-01-26,18.0,4.2,,,,,,,,
2020-01-27,23.4,4.7,,,,,,,,
2020-01-28,30.6,5.0,,,,,,,,
2020-01-29,33.12,4.800000000000001,,,,,,,,
2020-01-30,23.4,4.95,,,,,,,,
2020-01-31,26.64,4.9,,,,,,,,
2020-02-01,18.9,5.52,,,,,,,,
2020-02-02,18.48,4.68,,,,,,,,
2020-02-03,42.0,4.08,,,,,,,,
2020-02-04,37.38,3.48,,,,,,,,
2020-02-05,24.36,3.36,,,,,,,,
2020-02-06,24.78,3.6,,,,,,,,
2020-02-07,28.56,3.72,,,,,,,,
2020-02-08,22.26,3.6,,,,,,,,
2020-02-09,21.0,3.0,,,,,,,,
2020-02-10,23.52,3.0,,,,,,,,
2020-02-11,24.36,3.12,,,,,,,,
2020-02-12,25.2,2.64,,,,,,,,
2020-02-13,27.3,3.12,,,,,,,,
2020-02-14,19.74,2.52,,,,,,,,
2020-02-15,21.42,2.04,,,,,,,,
2020-02-16,22.26,2.16,,,,,,,,
2020-02-17,23.1,2.28,,,,,,,,
2020-02-18,28.98,2.28,,,,,,,,
2020-02-19,29.82,2.04,,,,,,,,
2020-02-20,24.78,1.7999999999999998,,,,,,,,
2020-02-21,21.0,1.92,,,,,,,,
2020-02-22,23.52,2.4,,,,,,,,
2020-02-23,23.1,2.76,,,,,,,,
2020-02-24,29.4,4.2,,,,,,,,
2020-02-25,16.38,6.24,,,,,,,,
2020-02-26,22.68,9.36,,,,,,,,
2020-02-27,28.56,11.16,,,,,,,,
2020-02-28,26.04,10.92,,,,,,,,
2020-02-29,20.16,12.0,,,,,,,,
2020-03-01,22.36,17.0,,,,,,,,
2020-03-02,22.1,25.0,,,,,,,,
2020-03-03,23.14,27.0,,,,,,,,
2020-03-04,20.28,24.0,,,,,,,,
2020-03-05,22.36,29.0,,,,,,,,
2020-03-06,18.46,30.0,,,,,,,,
2020-03-07,18.98,30.0,,,,,,,,
2020-03-08,19.76,31.0,,,,,,,,
2020-03-09,26.0,38.0,,,,,,,,
2020-03-10,18.46,44.0,,,,,,,,
2020-03-11,23.4,56.0,,,,,,,,
2020-03-12,16.38,96.0,,,,,,,,
2020-03-13,12.48,90.0,,,,,,,,
2020-03-14,13.78,80.0,,,,,,,,
2020-03-15,9.88,100.0,,,,,,,,
2020-03-16,11.44,98.0,,,,,,,,
2020-03-17,14.04,88.0,,,,,,,,
2020-03-18,14.82,80.0,,,,,,,,
2020-03-19,19.5,76.0,,,,,,,,
2020-03-20,9.36,76.0,,,,,,,,
2020-03-21,10.66,75.0,,,,,,,,
2020-03-22,7.54,75.0,,,,,,,,
2020-03-23,11.96,73.0,,,,,,,,
2020-03-24,9.62,63.0,,,,,,,,
2020-03-25,10.14,60.0,,,,,,,,
2020-03-26,13.0,60.0,,,,,,,,
2020-03-27,15.6,61.0,,,,,,,,
2020-03-28,15.34,59.0,,,,,,,,
2020-03-29,9.36,57.0,,,,,,,,
2020-03-30,13.78,51.0,,,,,,,,
2020-03-31,14.3,48.0,,,,,,,,
2020-04-01,12.18,48.84,,,,,,,,
2020-04-02,15.33,48.84,,,,,,,,
2020-04-03,13.86,58.74,,,,,,,,
2020-04-04,15.75,66.0,,,,,,,,
2020-04-05,12.39,64.02,,,,,,,,
2020-04-06,12.18,60.720000000000006,,,,,,,,
2020-04-07,7.979999999999999,59.400000000000006,,,,,,,,
2020-04-08,16.8,54.78,,,,,,,,
2020-04-09,13.02,52.8,,,,,,,,
2020-04-10,10.08,48.84,,,,,,,,
2020-04-11,3.78,37.620000000000005,,,,,,,,
2020-04-12,9.87,31.020000000000003,,,,,,,,
2020-04-13,15.96,43.56,,,,,,,,
2020-04-14,12.18,45.54,,,,,,,,
2020-04-15,13.86,43.56,,,,,,,,
2020-04-16,11.97,42.24,,,,,,,,
2020-04-17,14.91,42.24,,,,,,,,
2020-04-18,14.91,44.88,,,,,,,,
2020-04-19,15.12,31.68,,,,,,,,
2020-04-20,14.49,36.96,,,,,,,,
2020-04-21,15.75,41.580000000000005,,,,,,,,
2020-04-22,15.96,28.380000000000003,,,,,,,,
2020-04-23,14.07,35.64,,,,,,,,
2020-04-24,21.0,37.620000000000005,,,,,,,,
2020-04-25,13.02,25.74,,,,,,,,
2020-04-26,18.69,21.78,,,,,,,,
2020-04-27,19.53,21.78,,,,,,,,
2020-04-28,9.45,21.12,,,,,,,,
2020-04-29,15.33,19.14,,,,,,,,
2020-04-30,12.18,17.16,,,,,,,,
2020-05-01,18.98,20.68,,,,,,,,
2020-05-02,16.12,21.12,,,,,,,,
2020-05-03,11.96,22.0,,,,,,,,
2020-05-04,25.22,21.12,,,,,,,,
2020-05-05,18.98,20.24,,,,,,,,
2020-05-06,19.76,19.58,,,,,,,,
2020-05-07,20.02,18.92,,,,,,,,
2020-05-08,18.98,18.04,,,,,,,,
2020-05-09,16.38,18.48,,,,,,,,
2020-05-10,15.6,18.48,,,,,,,,
2020-05-11,21.58,19.58,,,,,,,,
2020-05-12,17.94,17.6,,,,,,,,
2020-05-13,15.08,17.6,,,,,,,,
2020-05-14,17.68,17.82,,,,,,,,
2020-05-15,24.96,17.38,,,,,,,,
2020-05-16,14.56,16.72,,,,,,,,
2020-05-17,20.28,16.72,,,,,,,,
2020-05-18,21.06,17.6,,,,,,,,
2020-05-19,14.04,14.96,,,,,,,,
2020-05-20,15.86,14.3,,,,,,,,
2020-05-21,13.78,14.08,,,,,,,,
2020-05-22,23.4,12.76,,,,,,,,
2020-05-23,16.38,12.76,,,,,,,,
2020-05-24,15.6,13.64,,,,,,,,
2020-05-25,19.5,13.64,,,,,,,,
2020-05-26,14.3,14.52,,,,,,,,
2020-05-27,19.24,12.76,,,,,,,,
2020-05-28,26.0,11.66,,,,,,,,
2020-05-29,20.28,10.78,,,,,,,,
2020-05-30,18.46,10.12,,,,,,,,
2020-05-31,18.98,9.9,,,,,,,,
2020-06-01,17.36,9.9,,,,,,,,
2020-06-02,16.74,9.3,,,,,,,,
2020-06-03,17.05,9.0,,,,,,,,
2020-06-04,17.98,9.3,,,,,,,,
2020-06-05,18.6,9.3,,,,,,,,
2020-06-06,17.98,9.0,,,,,,,,
2020-06-07,16.74,9.6,,,,,,,,
2020-06-08,17.36,9.3,,,,,,,,
2020-06-09,20.15,9.45,,,,,,,,
2020-06-10,16.74,9.45,,,,,,,,
2020-06-11,21.39,10.2,,,,,,,,
2020-06-12,21.39,9.9,,,,,,,,
2020-06-13,14.57,9.3,,,,,,,,
2020-06-15,25.42,10.35,,,,,,,,
2020-06-16,18.6,10.2,,,,,,,,
2020-06-17,22.94,10.35,,,,,,,,
2020-06-18,22.94,10.2,,,,,,,,
2020-06-19,27.28,10.35,,,,,,,,
2020-06-20,16.12,10.5,,,,,,,,
2020-06-21,16.43,9.9,,,,,,,,
2020-06-22,31.0,11.25,,,,,,,,
2020-06-23,22.32,11.7,,,,,,,,
2020-06-24,27.28,12.3,,,,,,,,
2020-06-25,24.49,13.65,,,,,,,,
2020-06-26,20.77,15.0,,,,,,,,
2020-06-27,24.49,14.25,,,,,,,,
2020-06-28,22.63,13.8,,,,,,,,
2020-06-29,22.01,13.8,,,,,,,,
2020-06-30,30.07,13.95,,,,,,,,
2020-07-01,27.200000000000003,15.84,,,,,,,,
2020-07-02,34.0,15.04,,,,,,,,
2020-07-03,24.8,14.4,,,,,,,,
2020-07-04,23.200000000000003,13.92,,,,,,,,
2020-07-05,18.0,14.08,,,,,,,,
2020-07-06,38.8,15.04,,,,,,,,
2020-07-07,22.8,14.88,,,,,,,,
2020-07-08,32.800000000000004,14.56,,,,,,,,
2020-07-09,28.4,13.76,,,,,,,,
2020-07-10,40.0,13.92,,,,,,,,
2020-07-11,30.8,13.44,,,,,,,,
2020-07-12,26.4,14.4,,,,,,,,
2020-07-13,24.4,15.52,,,,,,,,
2020-07-14,31.6,16.0,,,,,,,,
2020-07-15,30.4,13.6,,,,,,,,
2020-07-16,29.6,12.32,,,,,,,,
2020-07-17,24.8,12.8,,,,,,,,
2020-07-18,17.6,11.52,,,,,,,,
2020-07-19,15.2,11.68,,,,,,,,
2020-07-20,24.0,11.84,,,,,,,,
2020-07-21,26.0,11.2,,,,,,,,
2020-07-22,36.4,11.2,,,,,,,,
2020-07-23,26.0,10.4,,,,,,,,
2020-07-24,18.4,9.92,,,,,,,,
2020-07-25,16.8,9.6,,,,,,,,
2020-07-26,20.8,9.76,,,,,,,,
2020-07-27,32.0,10.08,,,,,,,,
2020-07-28,32.0,9.92,,,,,,,,
2020-07-29,26.0,9.76,,,,,,,,
2020-07-30,30.8,9.44,,,,,,,,
2020-07-31,36.4,8.96,,,,,,,,
2020-08-01,24.5,7.84,,,,,,,,
2020-08-02,27.65,7.68,,,,,,,,
2020-08-03,29.4,8.0,,,,,,,,
2020-08-04,28.7,7.6,,,,,,,,
2020-08-05,33.25,7.28,,,,,,,,
2020-08-06,33.95,7.2,,,,,,,,
2020-08-07,27.65,6.8,,,,,,,,
2020-08-08,24.15,6.8,,,,,,,,
2020-08-09,18.2,6.72,,,,,,,,
2020-08-10,24.85,6.8,,,,,,,,
2020-08-11,28.35,6.640000000000001,,,,,,,,
2020-08-12,28.35,6.16,,,,,,,,
2020-08-13,23.45,6.16,,,,,,,,
2020-08-14,28.35,6.0,,,,,,,,
2020-08-15,18.9,5.68,,,,,,,,
2020-08-16,17.849999999999998,5.6000000000000005,,,,,,,,
2020-08-17,22.4,5.92,,,,,,,,
2020-08-18,24.85,5.6000000000000005,,,,,,,,
2020-08-19,26.95,5.36,,,,,,,,
2020-08-20,23.1,5.04,,,,,,,,
2020-08-21,29.05,4.96,,,,,,,,
2020-08-22,20.65,5.2,,,,,,,,
2020-08-23,23.8,5.04,,,,,,,,
2020-08-24,30.1,4.96,,,,,,,,
2020-08-25,35.0,4.8,,,,,,,,
2020-08-26,25.55,4.64,,,,,,,,
2020-08-27,32.2,4.4,,,,,,,,
2020-08-28,23.1,4.5600000000000005,,,,,,,,
2020-08-29,23.45,4.4,,,,,,,,
2020-08-30,22.75,4.88,,,,,,,,
2020-08-31,28.7,5.04,,,,,,,,
2020-09-01,23.1,5.88,,,,,,,,
2020-09-02,23.1,6.0,,,,,,,,
2020-09-03,26.46,5.76,,,,,,,,
2020-09-04,21.0,5.4,,,,,,,,
2020-09-05,19.32,5.279999999999999,,,,,,,,
2020-09-06,13.02,5.22,,,,,,,,
2020-09-07,22.68,5.7,,,,,,,,
2020-09-08,31.08,5.7,,,,,,,,
2020-09-09,25.2,5.7,,,,,,,,
2020-09-10,30.24,5.7,,,,,,,,
2020-09-11,17.64,5.34,,,,,,,,
2020-09-12,17.22,4.98,,,,,,,,
2020-09-13,18.48,4.859999999999999,,,,,,,,
2020-09-14,31.5,5.34,,,,,,,,
2020-09-15,21.42,5.04,,,,,,,,
2020-09-16,27.3,5.22,,,,,,,,
2020-09-17,32.34,4.92,,,,,,,,
2020-09-18,27.3,4.92,,,,,,,,
2020-09-19,18.9,4.5,,,,,,,,
2020-09-20,26.46,4.62,,,,,,,,
2020-09-21,23.1,5.279999999999999,,,,,,,,
2020-09-22,23.52,5.52,,,,,,,,
2020-09-23,34.44,5.22,,,,,,,,
2020-09-24,42.0,4.68,,,,,,,,
2020-09-25,40.74,4.92,,,,,,,,
2020-09-26,26.88,4.92,,,,,,,,
2020-09-27,22.68,4.68,,,,,,,,
2020-09-28,31.5,4.98,,,,,,,,
2020-09-29,30.24,5.22,,,,,,,,
2020-09-30,27.3,4.62,,,,,,,,
2020-10-01,33.15,3.06,,,,,,,,
2020-10-02,24.57,6.0,,,,,,,,
2020-10-03,26.52,4.92,,,,,,,,
2020-10-04,23.01,4.26,,,,,,,,
2020-10-05,23.79,4.02,,,,,,,,
2020-10-06,35.1,3.72,,,,,,,,
2020-10-07,26.91,3.66,,,,,,,,
2020-10-08,26.130000000000003,3.36,,,,,,,,
2020-10-09,22.62,3.3,,,,,,,,
2020-10-10,23.01,3.12,,,,,,,,
2020-10-11,31.200000000000003,3.24,,,,,,,,
2020-10-13,30.81,3.3,,,,,,,,
2020-10-14,24.57,3.48,,,,,,,,
2020-10-15,35.1,3.54,,,,,,,,
2020-10-16,22.62,3.42,,,,,,,,
2020-10-18,22.23,3.3,,,,,,,,
2020-10-19,36.27,3.66,,,,,,,,
2020-10-20,25.74,3.72,,,,,,,,
2020-10-21,34.32,3.84,,,,,,,,
2020-10-22,39.0,3.48,,,,,,,,
2020-10-23,29.64,3.6,,,,,,,,
2020-10-24,20.67,3.66,,,,,,,,
2020-10-25,28.86,3.66,,,,,,,,
2020-10-26,35.88,4.14,,,,,,,,
2020-10-27,27.69,3.9,,,,,,,,
2020-10-28,34.32,4.14,,,,,,,,
2020-10-29,35.1,4.08,,,,,,,,
2020-10-30,21.06,4.02,,,,,,,,
2020-10-31,22.23,3.96,,,,,,,,
2020-11-01,23.1,4.9,,,,,,,,
2020-11-02,18.9,4.760000000000001,,,,,,,,
2020-11-03,28.56,4.2,,,,,,,,
2020-11-04,10.08,2.45,,,,,,,,
2020-11-05,18.48,3.22,,,,,,,,
2020-11-06,12.6,3.5700000000000003,,,,,,,,
2020-11-07,20.58,3.71,,,,,,,,
2020-11-08,21.0,3.92,,,,,,,,
2020-11-09,28.14,5.180000000000001,,,,,,,,
2020-11-10,36.12,4.9,,,,,,,,
2020-11-11,22.68,5.53,,,,,,,,
2020-11-12,35.28,6.090000000000001,,,,,,,,
2020-11-13,28.56,6.44,,,,,,,,
2020-11-14,18.9,6.23,,,,,,,,
2020-11-15,27.3,6.16,,,,,,,,
2020-11-16,23.52,6.790000000000001,,,,,,,,
2020-11-17,33.18,6.86,,,,,,,,
2020-11-18,36.12,7.000000000000001,,,,,,,,
2020-11-19,26.88,6.370000000000001,,,,,,,,
2020-11-20,32.76,5.95,,,,,,,,
2020-11-21,10.08,5.53,,,,,,,,
2020-11-22,28.98,5.250000000000001,,,,,,,,
2020-11-23,40.74,5.390000000000001,,,,,,,,
2020-11-24,42.0,5.11,,,,,,,,
2020-11-25,31.08,4.9,,,,,,,,
2020-11-26,21.84,4.130000000000001,,,,,,,,
2020-11-27,17.22,4.41,,,,,,,,
2020-11-28,29.82,4.550000000000001,,,,,,,,
2020-11-29,26.46,4.340000000000001,,,,,,,,
2020-11-30,24.36,4.550000000000001,,,,,,,,
2020-12-01,23.79,5.279999999999999,,,,,,,,
2020-12-02,27.3,5.4,,,,,,,,
2020-12-03,31.59,6.0,,,,,,,,
2020-12-04,23.4,5.76,,,,,,,,
2020-12-05,24.18,5.52,,,,,,,,
2020-12-06,23.79,5.1,,,,,,,,
2020-12-07,28.08,5.46,,,,,,,,
2020-12-08,20.67,5.64,,,,,,,,
2020-12-09,39.0,5.64,,,,,,,,
2020-12-10,24.18,5.64,,,,,,,,
2020-12-11,26.130000000000003,5.16,,,,,,,,
2020-12-12,23.01,4.74,,,,,,,,
2020-12-13,19.89,4.62,,,,,,,,
2020-12-14,24.18,4.68,,,,,,,,
2020-12-15,24.96,4.62,,,,,,,,
2020-12-16,24.18,4.56,,,,,,,,
2020-12-17,30.03,4.68,,,,,,,,
2020-12-18,28.47,4.68,,,,,,,,
2020-12-19,24.18,4.8,,,,,,,,
2020-12-20,21.84,5.16,,,,,,,,
2020-12-21,18.33,5.819999999999999,,,,,,,,
2020-12-22,26.130000000000003,5.4,,,,,,,,
2020-12-23,21.45,4.859999999999999,,,,,,,,
2020-12-24,24.18,4.02,,,,,,,,
2020-12-25,12.87,3.6,,,,,,,,
2020-12-26,22.62,4.2,,,,,,,,
2020-12-27,28.08,4.26,,,,,,,,
2020-12-28,35.88,4.44,,,,,,,,
2020-12-29,21.84,4.62,,,,,,,,
2020-12-30,33.15,5.04,,,,,,,,
2020-12-31,26.91,4.62,,,,,,,,
2021-01-01,12.75,3.76,,,,,,,,
2021-01-02,20.4,3.88,,,,,,,,
2021-01-03,16.830000000000002,3.84,,,,,,,,
2021-01-04,24.48,3.92,,,,,,,,
2021-01-05,28.56,4.0,,,,,,,,
2021-01-06,23.97,3.48,,,,,,,,
2021-01-07,19.89,3.4,,,,,,,,
2021-01-08,23.97,3.68,,,,,,,,
2021-01-09,22.95,3.48,,,,,,,,
2021-01-10,21.42,3.12,,,,,,,,
2021-01-11,29.07,3.3200000000000003,,,,,,,,
2021-01-12,34.68,3.44,,,,,,,,
2021-01-13,30.6,3.56,,,,,,,,
2021-01-14,26.01,3.44,,,,,,,,
2021-01-15,29.58,3.2,,,,,,,,
2021-01-16,28.05,2.92,,,,,,,,
2021-01-17,21.42,2.84,,,,,,,,
2021-01-18,29.07,3.12,,,,,,,,
2021-01-19,20.91,3.24,,,,,,,,
2021-01-20,23.97,2.88,,,,,,,,
2021-01-22,31.62,2.88,,,,,,,,
2021-01-23,30.6,2.68,,,,,,,,
2021-01-24,22.95,2.64,,,,,,,,
2021-01-25,36.21,3.12,,,,,,,,
2021-01-26,51.0,2.92,,,,,,,,
2021-01-27,38.76,2.84,,,,,,,,
2021-01-28,45.9,2.76,,,,,,,,
2021-01-29,49.47,2.92,,,,,,,,
2021-01-30,28.05,2.6,,,,,,,,
2021-01-31,36.72,2.36,,,,,,,,
2021-02-01,45.5,2.88,,,,,,,,
2021-02-02,50.05,2.91,,,,,,,,
2021-02-03,65.0,3.0,,,,,,,,
2021-02-04,57.2,2.97,,,,,,,,
2021-02-05,57.2,2.76,,,,,,,,
2021-02-06,39.65,2.46,,,,,,,,
2021-02-07,45.5,2.31,,,,,,,,
2021-02-08,53.3,2.67,,,,,,,,
2021-02-09,51.35,2.79,,,,,,,,
2021-02-10,59.15,2.61,,,,,,,,
2021-02-11,50.7,2.64,,,,,,,,
2021-02-12,37.7,2.49,,,,,,,,
2021-02-13,37.7,2.07,,,,,,,,
2021-02-14,35.1,2.04,,,,,,,,
2021-02-15,47.45,2.43,,,,,,,,
2021-02-16,39.0,2.43,,,,,,,,
2021-02-17,38.35,2.34,,,,,,,,
2021-02-18,40.95,2.4,,,,,,,,
2021-02-19,49.4,2.1,,,,,,,,
2021-02-20,35.75,1.98,,,,,,,,
2021-02-21,44.85,2.04,,,,,,,,
2021-02-22,42.25,2.52,,,,,,,,
2021-02-23,37.05,2.31,,,,,,,,
2021-02-24,51.35,2.28,,,,,,,,
2021-02-25,44.85,2.16,,,,,,,,
2021-02-26,35.75,2.07,,,,,,,,
2021-02-27,38.35,2.04,,,,,,,,
2021-02-28,48.75,1.98,,,,,,,,
2021-03-01,29.120000000000005,2.46,,,,,,,,
2021-03-02,44.8,2.88,,,,,,,,
2021-03-03,40.32000000000001,3.0,,,,,,,,
2021-03-04,56.00000000000001,2.61,,,,,,,,
2021-03-05,22.96,2.37,,,,,,,,
2021-03-06,36.96,2.25,,,,,,,,
2021-03-07,34.720000000000006,2.19,,,,,,,,
2021-03-08,36.96,2.43,,,,,,,,
2021-03-09,34.160000000000004,2.49,,,,,,,,
2021-03-10,33.040000000000006,2.52,,,,,,,,
2021-03-11,32.480000000000004,2.46,,,,,,,,
2021-03-12,38.64,2.34,,,,,,,,
2021-03-13,29.680000000000003,2.13,,,,,,,,
2021-03-14,30.800000000000004,2.13,,,,,,,,
2021-03-15,36.96,2.58,,,,,,,,
2021-03-16,38.64,2.61,,,,,,,,
2021-03-17,34.160000000000004,2.19,,,,,,,,
2021-03-18,31.360000000000003,2.19,,,,,,,,
2021-03-19,33.6,2.16,,,,,,,,
2021-03-20,32.480000000000004,1.98,,,,,,,,
2021-03-21,32.480000000000004,2.1,,,,,,,,
2021-03-22,41.440000000000005,2.22,,,,,,,,
2021-03-23,36.400000000000006,2.31,,,,,,,,
2021-03-24,38.64,2.28,,,,,,,,
2021-03-25,33.6,2.19,,,,,,,,
2021-03-26,25.76,2.13,,,,,,,,
2021-03-27,21.840000000000003,2.07,,,,,,,,
2021-03-28,29.680000000000003,2.04,,,,,,,,
2021-03-29,31.360000000000003,2.43,,,,,,,,
2021-03-30,38.080000000000005,2.61,,,,,,,,
2021-03-31,42.00000000000001,2.25,,,,,,,,
2021-04-01,52.08,1.68,,,,,,,,
2021-04-02,38.44,1.58,,,,,,,,
2021-04-03,37.82,1.54,,,,,,,,
2021-04-04,48.98,1.58,,,,,,,,
2021-04-05,45.88,1.86,,,,,,,,
2021-04-06,47.74,2.0,,,,,,,,
2021-04-07,49.6,1.86,,,,,,,,
2021-04-08,62.0,1.66,,,,,,,,
2021-04-09,36.58,1.58,,,,,,,,
2021-04-10,32.24,1.58,,,,,,,,
2021-04-11,42.16,1.58,,,,,,,,
2021-04-12,45.26,1.7,,,,,,,,
2021-04-13,53.32,1.68,,,,,,,,
2021-04-14,37.2,1.56,,,,,,,,
2021-04-15,47.74,1.68,,,,,,,,
2021-04-16,48.36,1.6,,,,,,,,
2021-04-17,51.46,1.56,,,,,,,,
2021-04-18,35.96,1.58,,,,,,,,
2021-04-20,44.02,1.56,,,,,,,,
2021-04-21,52.08,1.52,,,,,,,,
2021-04-22,62.0,1.6,,,,,,,,
2021-04-23,39.68,1.6,,,,,,,,
2021-04-24,47.12,1.56,,,,,,,,
2021-04-25,48.36,1.64,,,,,,,,
2021-04-26,47.12,1.68,,,,,,,,
2021-04-27,45.88,1.8,,,,,,,,
2021-04-28,48.98,1.66,,,,,,,,
2021-04-29,45.88,1.56,,,,,,,,
2021-04-30,42.78,1.48,,,,,,,,
2021-05-01,40.02,1.88,,,,,,,,
2021-05-02,33.809999999999995,1.92,,,,,,,,
2021-05-03,46.92,2.0,,,,,,,,
2021-05-04,48.99,1.92,,,,,,,,
2021-05-05,40.71,1.8,,,,,,,,
2021-05-06,44.16,1.78,,,,,,,,
2021-05-07,44.16,1.82,,,,,,,,
2021-05-08,42.09,1.74,,,,,,,,
2021-05-09,37.95,1.72,,,,,,,,
2021-05-10,33.12,1.88,,,,,,,,
2021-05-11,50.37,1.84,,,,,,,,
2021-05-12,66.92999999999999,1.74,,,,,,,,
2021-05-13,48.3,1.86,,,,,,,,
2021-05-14,47.61,2.0,,,,,,,,
2021-05-15,48.99,1.78,,,,,,,,
2021-05-16,54.51,1.72,,,,,,,,
2021-05-17,60.03,1.8,,,,,,,,
2021-05-18,63.48,1.84,,,,,,,,
2021-05-19,58.65,1.74,,,,,,,,
2021-05-20,69.0,1.7,,,,,,,,
2021-05-21,62.1,1.6,,,,,,,,
2021-05-22,57.96,1.58,,,,,,,,
2021-05-23,55.2,1.56,,,,,,,,
2021-05-24,62.1,1.68,,,,,,,,
2021-05-25,51.74999999999999,1.68,,,,,,,,
2021-05-26,57.27,1.56,,,,,,,,
2021-05-27,51.74999999999999,1.56,,,,,,,,
2021-05-28,51.74999999999999,1.44,,,,,,,,
2021-05-29,46.23,1.48,,,,,,,,
2021-05-30,44.16,1.54,,,,,,,,
2021-05-31,34.5,1.58,,,,,,,,
2021-06-01,42.48,0.99,,,,,,,,
2021-06-02,59.0,1.0,,,,,,,,
2021-06-03,57.23,0.97,,,,,,,,
2021-06-04,47.79,0.95,,,,,,,,
2021-06-05,47.2,0.88,,,,,,,,
2021-06-06,37.76,0.8300000000000001,,,,,,,,
2021-06-07,35.4,0.84,,,,,,,,
2021-06-08,46.02,0.86,,,,,,,,
2021-06-10,47.2,0.85,,,,,,,,
2021-06-11,52.51,0.85,,,,,,,,
2021-06-12,43.66,0.76,,,,,,,,
2021-06-13,50.15,0.79,,,,,,,,
2021-06-14,50.74,0.8300000000000001,,,,,,,,
2021-06-15,49.56,0.86,,,,,,,,
2021-06-16,41.89,0.88,,,,,,,,
2021-06-17,44.84,0.8,,,,,,,,
2021-06-18,46.02,0.78,,,,,,,,
2021-06-19,44.25,0.76,,,,,,,,
2021-06-20,38.35,0.71,,,,,,,,
2021-06-21,52.51,0.77,,,,,,,,
2021-06-22,39.53,0.84,,,,,,,,
2021-06-23,52.51,0.8300000000000001,,,,,,,,
2021-06-24,41.89,0.76,,,,,,,,
2021-06-25,39.53,0.73,,,,,,,,
2021-06-26,48.38,0.72,,,,,,,,
2021-06-27,54.87,0.71,,,,,,,,
2021-06-28,45.43,0.81,,,,,,,,
2021-06-29,56.05,0.8200000000000001,,,,,,,,
2021-06-30,51.92,0.79,,,,,,,,
2021-07-01,44.55,1.18,,,,,,,,
2021-07-02,39.05,1.24,,,,,,,,
2021-07-03,44.0,1.06,,,,,,,,
2021-07-04,33.0,1.12,,,,,,,,
2021-07-05,47.3,1.24,,,,,,,,
2021-07-06,46.2,1.24,,,,,,,,
2021-07-07,41.8,1.22,,,,,,,,
2021-07-08,46.2,1.3,,,,,,,,
2021-07-09,47.85,1.3,,,,,,,,
2021-07-10,41.8,1.2,,,,,,,,
2021-07-11,35.2,1.16,,,,,,,,
2021-07-12,38.5,1.3,,,,,,,,
2021-07-13,40.7,1.32,,,,,,,,
2021-07-14,35.2,1.4,,,,,,,,
2021-07-15,46.75000000000001,1.42,,,,,,,,
2021-07-16,46.2,1.58,,,,,,,,
2021-07-17,35.75,1.44,,,,,,,,
2021-07-18,41.8,1.4,,,,,,,,
2021-07-19,39.6,1.66,,,,,,,,
2021-07-20,37.400000000000006,1.66,,,,,,,,
2021-07-21,55.00000000000001,1.62,,,,,,,,
2021-07-22,39.05,1.74,,,,,,,,
2021-07-23,41.25,1.66,,,,,,,,
2021-07-24,27.500000000000004,1.54,,,,,,,,
2021-07-25,34.650000000000006,1.6,,,,,,,,
2021-07-26,50.6,1.74,,,,,,,,
2021-07-27,39.05,1.82,,,,,,,,
2021-07-28,48.400000000000006,2.0,,,,,,,,
2021-07-29,34.650000000000006,1.9,,,,,,,,
2021-07-30,26.4,1.94,,,,,,,,
2021-07-31,51.7,1.88,,,,,,,,
2021-08-01,26.55,1.74,,,,,,,,
2021-08-02,32.45,1.8,,,,,,,,
2021-08-03,38.94,1.94,,,,,,,,
2021-08-04,43.07,2.0,,,,,,,,
2021-08-05,59.0,1.82,,,,,,,,
2021-08-06,50.15,1.82,,,,,,,,
2021-08-07,46.02,1.64,,,,,,,,
2021-08-08,35.4,1.62,,,,,,,,
2021-08-09,57.82,1.82,,,,,,,,
2021-08-10,51.92,1.96,,,,,,,,
2021-08-11,58.41,1.84,,,,,,,,
2021-08-12,44.84,1.8,,,,,,,,
2021-08-13,34.22,1.74,,,,,,,,
2021-08-14,38.35,1.66,,,,,,,,
2021-08-15,38.35,1.6,,,,,,,,
2021-08-16,46.61,1.7,,,,,,,,
2021-08-17,33.629999999999995,1.7,,,,,,,,
2021-08-19,37.17,1.64,,,,,,,,
2021-08-20,24.78,1.66,,,,,,,,
2021-08-21,42.48,1.56,,,,,,,,
2021-08-22,21.24,1.46,,,,,,,,
2021-08-23,34.809999999999995,1.58,,,,,,,,
2021-08-24,31.27,1.7,,,,,,,,
2021-08-25,43.07,1.66,,,,,,,,
2021-08-26,35.989999999999995,1.62,,,,,,,,
2021-08-27,30.09,1.58,,,,,,,,
2021-08-28,37.17,1.44,,,,,,,,
2021-08-29,36.58,1.36,,,,,,,,
2021-08-30,32.45,1.42,,,,,,,,
2021-08-31,41.3,1.54,,,,,,,,
2021-09-01,39.33,1.96,,,,,,,,
2021-09-02,37.05,1.9,,,,,,,,
2021-09-03,32.489999999999995,1.92,,,,,,,,
2021-09-04,29.64,1.74,,,,,,,,
2021-09-05,30.78,1.68,,,,,,,,
2021-09-06,31.92,1.72,,,,,,,,
2021-09-07,41.61,2.0,,,,,,,,
2021-09-08,39.9,1.96,,,,,,,,
2021-09-09,30.78,1.88,,,,,,,,
2021-09-10,34.2,1.86,,,,,,,,
2021-09-11,41.04,1.54,,,,,,,,
2021-09-12,41.04,1.5,,,,,,,,
2021-09-13,41.61,1.72,,,,,,,,
2021-09-14,41.61,1.78,,,,,,,,
2021-09-15,39.9,1.78,,,,,,,,
2021-09-16,51.3,1.64,,,,,,,,
2021-09-17,42.74999999999999,1.6,,,,,,,,
2021-09-18,31.92,1.44,,,,,,,,
2021-09-19,42.18,1.36,,,,,,,,
2021-09-20,49.02,1.62,,,,,,,,
2021-09-21,29.64,1.62,,,,,,,,
2021-09-22,40.47,1.64,,,,,,,,
2021-09-23,42.18,1.58,,,,,,,,
2021-09-24,37.62,1.5,,,,,,,,
2021-09-25,26.79,1.26,,,,,,,,
2021-09-26,35.34,1.18,,,,,,,,
2021-09-27,34.2,1.44,,,,,,,,
2021-09-28,47.88,1.48,,,,,,,,
2021-09-29,56.99999999999999,1.46,,,,,,,,
2021-09-30,38.19,1.46,,,,,,,,
2021-10-01,43.55,1.0,,,,,,,,
2021-10-02,53.95,0.89,,,,,,,,
2021-10-03,42.9,0.8,,,,,,,,
2021-10-04,41.6,0.96,,,,,,,,
2021-10-05,46.8,0.94,,,,,,,,
2021-10-06,48.75,0.98,,,,,,,,
2021-10-07,52.0,0.86,,,,,,,,
2021-10-08,47.45,0.89,,,,,,,,
2021-10-09,40.95,0.76,,,,,,,,
2021-10-10,39.0,0.72,,,,,,,,
2021-10-11,46.15,0.8,,,,,,,,
2021-10-12,31.200000000000003,0.9,,,,,,,,
2021-10-13,47.45,0.84,,,,,,,,
2021-10-14,45.5,0.87,,,,,,,,
2021-10-15,29.9,0.8,,,,,,,,
2021-10-16,42.25,0.6900000000000001,,,,,,,,
2021-10-17,44.85,0.66,,,,,,,,
2021-10-18,50.05,0.8200000000000001,,,,,,,,
2021-10-20,55.25,0.85,,,,,,,,
2021-10-21,40.95,0.8200000000000001,,,,,,,,
2021-10-22,36.4,0.75,,,,,,,,
2021-10-23,37.05,0.7000000000000001,,,,,,,,
2021-10-24,44.85,0.6,,,,,,,,
2021-10-25,48.75,0.77,,,,,,,,
2021-10-26,65.0,0.78,,,,,,,,
2021-10-27,43.55,0.79,,,,,,,,
2021-10-28,58.5,0.77,,,,,,,,
2021-10-29,59.15,0.68,,,,,,,,
2021-10-30,39.0,0.65,,,,,,,,
2021-10-31,46.15,0.62,,,,,,,,
2021-11-01,47.2,0.71,,,,,,,,
2021-11-02,48.0,0.73,,,,,,,,
2021-11-03,50.400000000000006,0.74,,,,,,,,
2021-11-04,47.2,0.73,,,,,,,,
2021-11-05,42.400000000000006,0.73,,,,,,,,
2021-11-06,52.8,0.56,,,,,,,,
2021-11-07,40.8,0.6,,,,,,,,
2021-11-08,48.0,0.72,,,,,,,,
2021-11-09,60.0,0.77,,,,,,,,
2021-11-10,64.8,0.75,,,,,,,,
2021-11-11,55.2,0.73,,,,,,,,
2021-11-12,60.8,0.75,,,,,,,,
2021-11-13,48.0,0.64,,,,,,,,
2021-11-14,37.6,0.58,,,,,,,,
2021-11-15,47.2,0.77,,,,,,,,
2021-11-16,55.2,0.78,,,,,,,,
2021-11-17,80.0,0.79,,,,,,,,
2021-11-18,61.6,0.7000000000000001,,,,,,,,
2021-11-19,49.6,0.76,,,,,,,,
2021-11-20,54.400000000000006,0.64,,,,,,,,
2021-11-21,45.6,0.55,,,,,,,,
2021-11-22,36.8,0.7000000000000001,,,,,,,,
2021-11-23,44.0,0.75,,,,,,,,
2021-11-24,48.8,0.7000000000000001,,,,,,,,
2021-11-25,36.8,0.59,,,,,,,,
2021-11-26,35.2,0.81,,,,,,,,
2021-11-27,39.2,1.0,,,,,,,,
2021-11-28,39.2,0.87,,,,,,,,
2021-11-29,45.6,0.92,,,,,,,,
2021-11-30,58.400000000000006,0.87,,,,,,,,
2021-12-01,27.72,0.61,,,,,,,,
2021-12-02,23.76,0.64,,,,,,,,
2021-12-03,19.8,0.62,,,,,,,,
2021-12-04,19.8,0.56,,,,,,,,
2021-12-05,23.76,0.48,,,,,,,,
2021-12-06,24.42,0.55,,,,,,,,
2021-12-07,21.78,0.55,,,,,,,,
2021-12-08,30.360000000000003,0.52,,,,,,,,
2021-12-09,21.78,0.56,,,,,,,,
2021-12-10,23.1,0.55,,,,,,,,
2021-12-11,26.4,0.48,,,,,,,,
2021-12-12,21.12,0.41,,,,,,,,
2021-12-13,25.08,0.53,,,,,,,,
2021-12-14,20.46,0.58,,,,,,,,
2021-12-15,21.78,0.63,,,,,,,,
2021-12-16,23.1,0.67,,,,,,,,
2021-12-17,66.0,0.74,,,,,,,,
2021-12-18,18.48,0.75,,,,,,,,
2021-12-19,16.5,0.76,,,,,,,,
2021-12-20,25.74,0.8200000000000001,,,,,,,,
2021-12-21,19.8,0.92,,,,,,,,
2021-12-22,20.46,0.88,,,,,,,,
2021-12-23,19.8,0.87,,,,,,,,
2021-12-24,21.12,0.84,,,,,,,,
2021-12-25,13.2,0.78,,,,,,,,
2021-12-26,17.16,0.78,,,,,,,,
2021-12-27,23.1,0.92,,,,,,,,
2021-12-28,18.48,0.98,,,,,,,,
2021-12-29,23.1,0.96,,,,,,,,
2021-12-30,19.8,1.0,,,,,,,,
2021-12-31,15.18,0.95,,,,,,,,
2021-12-31,23.0,85.0,,,,,,,,
2022-01-01,18.56,64.0,,,,,,,,
2022-01-02,20.77,60.84,,,,,,,,
2022-01-03,29.97,72.25,,,,,,,,
2022-01-04,35.2,100.0,,,,,,,,
2022-01-05,30.34,92.16,,,,,,,,
2022-01-06,34.800000000000004,92.16,,,,,,,,
2022-01-07,31.54,86.49000000000001,,,,,,,,
2022-01-08,17.080000000000002,75.69,,,,,,,,
2022-01-09,9.45,64.0,,,,,,,,
2022-01-10,21.08,65.61,,,,,,,,
2022-01-11,46.0,81.0,,,,,,,,
2022-01-12,10.56,70.56,,,,,,,,
2022-01-13,25.500000000000004,65.61,,,,,,,,
2022-01-14,21.08,57.76,,,,,,,,
2022-01-15,11.5,47.61,,,,,,,,
2022-01-16,8.8,34.809999999999995,,,,,,,,
2022-01-17,14.82,39.69,,,,,,,,
2022-01-18,28.08,53.29,,,,,,,,
2022-01-19,21.39,47.61,,,,,,,,
2022-01-20,25.500000000000004,40.96,,,,,,,,
2022-01-21,13.75,38.44,,,,,,,,
2022-01-22,25.16,32.489999999999995,,,,,,,,
2022-01-23,12.48,22.09,,,,,,,,
2022-01-24,23.76,31.360000000000003,,,,,,,,
2022-01-25,24.09,37.21,,,,,,,,
2022-01-26,23.76,36.0,,,,,,,,
2022-01-27,18.27,30.250000000000004,,,,,,,,
2022-01-28,15.930000000000001,28.09,,,,,,,,
2022-01-29,17.360000000000003,18.49,,,,,,,,
2022-01-30,8.6,18.49,,,,,,,,
2022-01-31,30.34,24.009999999999998,,,,,,,,
2022-02-01,21.78,46.08,,,,,,,,
2022-02-02,33.21,51.0,,,,,,,,
2022-02-03,20.48,44.18,,,,,,,,
2022-02-04,18.0,46.08,,,,,,,,
2022-02-05,19.22,33.62,,,,,,,,
2022-02-06,32.0,27.009999999999998,,,,,,,,
2022-02-07,28.88,40.050000000000004,,,,,,,,
2022-02-08,24.15,43.71,,,,,,,,
2022-02-09,30.42,46.08,,,,,,,,
2022-02-10,43.71,36.98,,,,,,,,
2022-02-11,40.050000000000004,40.050000000000004,,,,,,,,
2022-02-12,19.22,28.5,,,,,,,,
2022-02-13,32.0,24.15,,,,,,,,
2022-02-14,49.5,27.009999999999998,,,,,,,,
2022-02-15,30.42,40.050000000000004,,,,,,,,
2022-02-16,47.04,35.28,,,,,,,,
2022-02-17,30.03,35.28,,,,,,,,
2022-02-18,35.28,33.21,,,,,,,,
2022-02-19,21.78,25.56,,,,,,,,
2022-02-20,22.78,21.78,,,,,,,,
2022-02-21,14.31,24.15,,,,,,,,
2022-02-22,32.0,28.88,,,,,,,,
2022-02-23,50.0,31.6,,,,,,,,
2022-02-24,18.91,25.919999999999998,,,,,,,,
2022-02-25,30.42,26.64,,,,,,,,
2022-02-26,24.5,19.22,,,,,,,,
2022-02-27,27.009999999999998,16.82,,,,,,,,
2022-02-28,31.6,24.5,,,,,,,,
2022-03-01,11.56,30.099999999999998,,,,,,,,
2022-03-02,16.0,33.3,,,,,,,,
2022-03-03,16.81,30.099999999999998,,,,,,,,
2022-03-04,28.09,25.28,,,,,,,,
2022-03-05,27.04,20.59,,,,,,,,
2022-03-06,29.160000000000004,17.82,,,,,,,,
2022-03-07,24.009999999999998,21.9,,,,,,,,
2022-03-08,100.0,28.560000000000002,,,,,,,,
2022-03-09,75.69,26.400000000000002,,,,,,,,
2022-03-10,68.89,24.96,,,,,,,,
2022-03-11,53.29,24.96,,,,,,,,
2022-03-12,25.0,20.59,,,,,,,,
2022-03-13,32.489999999999995,13.92,,,,,,,,
2022-03-14,44.89,34.96,,,,,,,,
2022-03-15,40.96,41.0,,,,,,,,
2022-03-16,25.0,30.099999999999998,,,,,,,,
2022-03-17,28.09,23.87,,,,,,,,
2022-03-18,15.21,25.28,,,,,,,,
2022-03-19,22.09,18.09,,,,,,,,
2022-03-20,25.0,15.5,,,,,,,,
2022-03-21,24.009999999999998,19.040000000000003,,,,,,,,
2022-03-22,30.250000000000004,21.9,,,,,,,,
2022-03-23,27.04,20.88,,,,,,,,
2022-03-24,22.09,19.6,,,,,,,,
2022-03-25,17.64,16.64,,,,,,,,
2022-03-26,24.009999999999998,12.1,,,,,,,,
2022-03-27,20.25,10.5,,,,,,,,
2022-03-28,27.04,15.25,,,,,,,,
2022-03-29,15.21,19.040000000000003,,,,,,,,
2022-03-30,25.0,18.76,,,,,,,,
2022-03-31,21.16,16.900000000000002,,,,,,,,
2022-04-01,45.9,21.75,,,,,,,,
2022-04-02,44.5,18.17,,,,,,,,
2022-04-03,32.25,17.94,,,,,,,,
2022-04-04,36.0,21.5,,,,,,,,
2022-04-05,40.32,23.400000000000002,,,,,,,,
2022-04-06,25.84,26.320000000000004,,,,,,,,
2022-04-07,31.08,22.880000000000003,,,,,,,,
2022-04-08,42.14,26.880000000000003,,,,,,,,
2022-04-09,31.08,13.600000000000001,,,,,,,,
2022-04-10,25.46,18.17,,,,,,,,
2022-04-11,25.46,25.380000000000003,,,,,,,,
2022-04-12,56.99999999999999,28.999999999999996,,,,,,,,
2022-04-13,0.0,0.0,,,,,,,,
